{"metadata":{"asset_id":"53a33810-30e7-4580-aa70-5dc9ed27b29f","asset_attributes":["notebook"],"name":"Final-Assignment","asset_type":"notebook","created_at":"2020-10-09T11:17:15Z","description":"This notebook contains a final project of IBM machine learning course","origin_country":"us","owner_id":"IBMid-5500095PYY","project_id":"56565214-1e8b-4e01-a993-81c013d60952","size":70515,"tags":["notebook"],"usage":{"last_update_time":1602517319741,"last_updated_at":"2020-10-12T15:41:59Z"}},"entity":{"notebook":{"kernel":{"name":"python3","display_name":"Python 3.6","language":"python"},"originates_from":{"url":"https://cf-courses-data.s3.us.cloud-object-storage.appdomain.cloud/IBMDeveloperSkillsNetwork-ML0101EN-SkillsNetwork/labs/FinalModule_Coursera/ML0101EN-Proj-Loan-py-v1.ipynb","type":"url"},"runtime":{"environment":"conda2py36-56565214-1e8b-4e01-a993-81c013d60952"}}},"attachments":[{"id":"3e69b28f-55a2-4c9f-844d-dd00890dd594","version":2,"asset_type":"notebook","name":"attachment for notebook 53a33810-30e7-4580-aa70-5dc9ed27b29f","description":"attachment for notebook 53a33810-30e7-4580-aa70-5dc9ed27b29f","mime":"application/json","datasource_type":"193a97c1-4475-4a19-b90c-295c4fdc6517","object_key":"notebook/Final-Assignment__ZaZftWYB.ipynb","creator_id":"IBMid-5500095PYY","create_time":1602242235781,"size":70515,"is_remote":false,"is_managed":false,"is_referenced":true,"is_object_key_read_only":false,"is_user_provided_path_key":true,"transfer_complete":true,"is_partitioned":false,"complete_time_ticks":1602242235781,"user_data":{},"test_doc":0,"handle":{"bucket":"pythonbasicsfordatascienceproject-donotdelete-pr-nhedfhir466pu0","location":"eu-geo","key":"notebook/Final-Assignment__ZaZftWYB.ipynb","upload_id":"done","max_part_num":1},"usage":{"access_count":0,"last_accessor_id":"IBMid-5500095PYY","last_access_time":1602242235781}}]}
